user_id,101,102,103,104,105,106,107,108,109,110,111,112,113,114,115,116,117,118,119,120,121,122,123,124,125,126,127,128,129,130,131,132,133,134,135,136,137,138,139,140,141,142,143,144,145,146,147,148,149,150,151,152,153,154,155,156,157,158,159,160,161,162,163,164,165,166,167,168,169,170,171,172,173,174,175,176,177,178,179,180,181,182,183,184,185,186,187,188,189,190,191,192,193,194,195,196,197,198,199,200
1,0.0,0.25,0.0,0.0,0.0,1.0,0.5,0.0,0.5,0.75,0.25,0.75,0.75,1.0,0.25,0.75,0.75,0.25,0.25,0.75,0.25,0.75,0.75,1.0,0.0,0.75,0.5,0.0,0.0,0.0,1.0,0.75,1.0,0.75,1.0,1.0,0.5,1.0,0.25,0.5,1.0,0.0,0.25,0.25,0.25,0.5,1.0,1.0,0.0,0.0,0.25,0.0,0.5,1.0,0.25,0.0,0.5,0.5,0.0,1.0,0.0,0.25,0.0,0.5,0.0,1.0,0.75,0.0,1.0,1.0,0.5,1.0,1.0,1.0,1.0,0.25,0.25,0.5,0.0,1.0,0.0,0.0,0.5,1.0,1.0,0.75,0.0,0.0,0.25,0.75,0.25,0.25,0.25,0.5,0.5,0.25,0.75,0.0,0.75,1.0
2,0.5,0.0,0.0,1.0,1.0,0.25,0.5,0.5,0.75,0.25,0.25,0.25,0.25,0.5,0.5,0.25,0.75,0.0,0.0,0.75,0.25,0.5,0.0,1.0,1.0,0.75,0.25,0.0,0.25,0.0,0.75,0.75,1.0,0.25,1.0,0.25,1.0,0.5,0.5,0.5,0.5,0.0,0.5,0.75,0.75,0.0,0.5,0.5,0.5,1.0,0.25,1.0,0.25,0.5,0.5,1.0,1.0,0.25,0.75,0.25,1.0,1.0,0.0,1.0,0.0,0.75,0.25,0.25,0.0,0.25,1.0,0.5,0.0,0.25,0.0,0.0,0.5,1.0,0.0,0.25,0.75,0.0,0.0,0.5,1.0,0.75,0.25,0.75,0.25,1.0,0.25,0.5,0.5,0.5,0.5,0.75,1.0,0.25,0.25,0.5
3,0.5,0.0,1.0,0.75,0.25,0.0,0.0,0.25,0.75,0.0,0.0,1.0,0.75,0.0,0.75,0.25,0.5,0.0,1.0,0.25,0.75,0.25,0.0,0.75,0.5,0.25,0.0,1.0,0.75,0.25,0.25,0.5,0.5,1.0,1.0,0.0,0.0,1.0,1.0,0.75,0.5,0.0,0.5,0.5,1.0,0.75,0.25,0.75,0.75,0.5,0.75,0.0,0.5,0.0,0.25,0.5,0.25,0.5,1.0,0.75,1.0,0.25,0.75,0.5,0.75,0.0,0.75,0.0,0.75,0.0,0.25,1.0,0.5,0.75,1.0,0.5,0.5,0.0,0.25,0.25,1.0,0.25,0.75,0.25,1.0,0.25,0.75,0.0,1.0,0.0,0.0,0.0,0.5,0.5,0.0,1.0,0.75,0.75,0.25,1.0
4,0.5,0.0,0.25,0.75,0.5,0.5,0.0,0.75,1.0,0.5,0.0,1.0,0.75,0.5,1.0,1.0,1.0,0.5,0.5,0.25,0.75,0.0,1.0,0.25,0.0,0.25,0.5,1.0,0.0,0.0,0.0,0.0,0.0,0.25,1.0,0.5,0.5,0.5,0.5,0.25,0.75,1.0,0.0,0.75,0.5,0.75,1.0,0.0,0.0,1.0,1.0,0.5,0.0,0.75,0.25,0.25,1.0,0.5,0.25,0.0,1.0,0.75,1.0,0.75,1.0,1.0,1.0,0.75,0.75,1.0,0.25,0.5,0.5,0.5,0.75,0.75,0.25,0.5,0.5,1.0,0.75,0.5,0.25,0.25,0.5,0.75,0.25,1.0,0.25,0.0,0.0,0.75,0.5,0.75,0.75,0.75,0.75,1.0,1.0,0.25
5,0.0,0.75,0.25,0.0,0.5,1.0,0.0,0.5,0.0,1.0,1.0,0.25,0.75,0.0,0.0,0.5,1.0,0.0,1.0,0.0,0.25,0.75,0.0,1.0,0.25,0.0,0.5,0.75,0.0,0.25,0.5,0.25,0.25,0.5,0.25,0.5,0.0,0.5,0.5,0.75,0.5,0.5,0.0,0.75,1.0,0.0,0.0,1.0,0.5,0.25,0.75,0.25,1.0,0.0,0.0,0.75,0.0,0.0,0.75,0.75,1.0,0.0,0.0,1.0,0.5,0.5,0.5,1.0,0.0,1.0,1.0,0.5,0.25,0.0,0.5,0.25,0.25,0.75,0.0,0.25,0.5,0.75,0.0,1.0,0.5,0.25,0.25,0.5,0.25,0.75,0.0,0.75,0.25,1.0,0.0,0.0,0.5,0.5,1.0,0.0
6,1.0,0.5,0.5,0.0,0.75,0.25,0.5,0.5,0.75,0.75,1.0,1.0,0.25,0.25,0.0,1.0,0.5,1.0,0.5,0.75,1.0,0.75,0.25,0.25,0.0,1.0,0.75,0.5,0.25,0.25,0.5,0.75,0.75,1.0,1.0,0.0,0.25,1.0,0.75,0.5,0.75,0.25,0.75,0.0,0.25,0.5,0.0,0.25,0.5,0.0,0.0,0.25,1.0,0.0,0.0,0.5,0.75,0.25,0.25,1.0,1.0,0.25,1.0,0.5,0.25,1.0,0.25,0.75,0.0,0.25,0.0,1.0,0.0,0.25,0.75,1.0,0.25,1.0,0.5,0.0,0.5,0.25,0.75,1.0,0.0,1.0,0.25,1.0,0.0,0.25,1.0,0.75,0.25,0.25,0.75,0.5,0.0,0.5,1.0,0.75
7,0.5,0.25,1.0,1.0,0.5,0.5,0.75,0.0,0.5,0.5,0.25,1.0,0.0,0.25,0.75,0.75,0.5,0.5,0.75,0.5,0.0,0.5,1.0,0.5,0.25,0.0,0.25,0.25,1.0,0.0,0.0,0.0,0.0,0.0,1.0,0.5,0.25,0.0,0.5,0.5,0.25,1.0,0.75,0.75,0.5,0.25,0.75,0.5,1.0,0.75,0.5,0.5,0.0,1.0,0.0,0.25,0.0,0.0,0.75,0.5,1.0,0.0,1.0,0.0,0.25,0.0,0.75,0.5,0.25,0.0,1.0,0.25,0.25,0.0,0.25,1.0,0.25,1.0,0.0,0.5,0.25,0.5,1.0,0.25,0.75,0.5,0.25,0.5,0.25,0.0,0.5,0.75,0.75,1.0,0.25,0.5,1.0,0.5,0.25,0.75
8,0.0,0.75,1.0,0.0,1.0,0.25,0.0,1.0,0.25,0.75,0.25,0.5,0.25,0.25,0.5,1.0,1.0,0.25,0.5,0.5,0.75,1.0,0.0,1.0,1.0,0.75,0.0,0.75,0.0,0.25,0.0,0.75,1.0,0.0,0.0,0.5,1.0,0.25,0.75,0.25,1.0,0.0,0.0,1.0,0.0,0.0,0.0,0.75,0.75,0.5,0.25,1.0,1.0,1.0,0.5,0.75,0.5,1.0,0.25,0.0,0.75,0.75,0.5,0.75,1.0,1.0,0.5,1.0,0.25,0.5,0.25,0.0,0.25,0.0,0.0,0.25,0.5,1.0,1.0,0.0,0.0,0.5,0.75,0.25,0.0,1.0,0.5,0.25,0.5,0.25,0.25,0.0,0.5,0.5,1.0,1.0,0.0,0.0,0.75,1.0
9,0.25,0.5,0.0,0.5,0.5,0.75,1.0,0.0,0.5,0.0,0.25,0.75,0.25,0.0,0.0,1.0,0.5,0.5,0.25,0.75,0.5,1.0,0.25,0.25,1.0,0.75,1.0,0.75,1.0,1.0,0.0,0.25,1.0,1.0,0.5,0.25,0.5,0.25,0.5,1.0,1.0,0.0,0.5,0.75,0.0,0.5,0.5,0.0,1.0,0.5,1.0,0.0,1.0,0.25,0.75,0.5,0.75,1.0,0.5,1.0,0.25,0.0,0.5,0.25,0.25,0.5,1.0,0.25,0.75,0.25,1.0,1.0,0.75,0.25,1.0,0.5,0.0,0.0,0.0,0.25,0.75,1.0,0.5,0.5,0.25,0.0,0.25,0.75,0.75,1.0,1.0,0.75,0.75,0.75,0.25,0.75,0.5,0.0,0.75,0.0
10,0.25,0.0,0.25,0.5,0.25,0.25,1.0,0.75,0.75,0.5,0.5,0.75,1.0,0.75,1.0,0.5,0.0,0.5,0.5,0.25,0.25,0.25,0.25,1.0,0.75,0.0,0.5,1.0,0.0,1.0,1.0,0.5,0.75,0.25,0.75,0.5,0.5,0.5,0.0,0.75,0.75,1.0,1.0,1.0,0.5,0.75,0.5,0.0,1.0,0.5,0.5,0.0,0.25,0.75,0.25,1.0,0.5,0.0,0.0,0.75,0.25,0.75,0.5,0.75,0.0,0.0,1.0,1.0,0.5,0.25,0.75,0.5,1.0,0.75,1.0,0.75,0.25,0.5,0.75,0.0,0.0,0.75,0.75,0.75,0.0,0.0,0.75,1.0,1.0,0.25,0.5,1.0,0.0,1.0,0.25,0.25,0.5,1.0,0.0,0.0
11,0.75,0.0,0.5,0.5,0.0,0.0,0.75,0.0,0.75,0.75,0.0,0.25,0.25,0.75,0.0,0.25,0.0,0.0,0.0,1.0,0.0,1.0,0.75,0.25,0.25,0.25,0.25,0.25,0.25,0.25,0.75,0.0,0.5,1.0,0.5,0.5,0.0,0.0,0.0,0.25,0.75,0.25,0.75,0.75,0.5,0.5,0.75,0.75,0.25,0.25,0.5,0.0,0.75,0.25,0.5,0.25,0.75,0.75,1.0,0.0,1.0,0.5,0.25,0.5,0.75,1.0,1.0,1.0,0.5,0.75,0.25,0.25,0.5,1.0,0.0,0.5,0.5,0.75,0.25,0.5,0.5,1.0,1.0,0.0,0.75,0.0,1.0,0.25,1.0,0.75,1.0,0.75,0.75,0.75,0.75,0.75,0.25,0.0,0.5,0.0
12,0.75,0.25,1.0,0.25,0.75,0.25,0.25,0.75,0.25,0.5,0.5,0.25,1.0,0.75,0.5,1.0,0.25,1.0,0.0,0.5,0.25,0.75,0.25,0.75,0.25,1.0,1.0,1.0,0.0,0.75,1.0,0.0,0.75,0.25,0.0,0.5,0.0,0.0,0.75,0.25,0.5,1.0,1.0,0.0,0.75,0.75,1.0,0.5,0.25,0.5,0.25,1.0,0.25,0.75,0.0,0.0,1.0,0.75,0.5,0.75,0.0,0.0,0.75,0.75,0.0,0.5,1.0,1.0,0.75,1.0,0.0,0.0,0.75,0.75,0.75,0.5,1.0,0.75,0.25,0.25,0.0,1.0,0.75,0.25,1.0,0.0,0.5,1.0,1.0,0.5,1.0,0.0,0.0,0.5,0.75,0.25,0.75,1.0,0.25,0.5
13,0.5,0.25,0.0,0.25,1.0,0.0,0.5,0.25,0.75,0.75,1.0,0.75,0.25,0.25,0.75,0.25,1.0,0.0,1.0,1.0,0.25,0.0,0.25,0.5,0.25,0.25,0.25,0.0,0.25,0.0,0.75,0.5,0.0,0.75,0.0,0.0,0.5,1.0,1.0,0.0,0.25,0.75,0.25,0.25,0.0,0.0,0.0,0.0,1.0,0.0,1.0,1.0,0.0,0.5,0.75,0.25,1.0,0.75,0.5,0.25,0.25,1.0,0.0,0.5,1.0,0.5,0.0,0.0,1.0,0.0,0.75,0.25,1.0,0.5,0.75,1.0,0.0,0.0,0.0,0.0,0.5,0.75,0.25,0.5,0.5,0.25,0.25,0.0,0.5,1.0,0.25,0.25,0.75,1.0,1.0,0.25,0.0,0.75,1.0,0.25
14,1.0,0.75,0.75,0.5,0.25,0.75,0.5,0.5,1.0,1.0,0.5,1.0,0.75,0.0,0.75,0.5,0.5,0.75,1.0,1.0,0.5,0.25,1.0,0.75,1.0,0.75,0.5,1.0,0.75,0.5,0.25,0.75,0.25,0.25,0.0,1.0,0.75,0.25,0.0,0.5,0.75,0.25,1.0,0.0,0.25,1.0,0.25,0.75,0.75,0.75,0.0,0.75,1.0,0.25,0.5,1.0,1.0,0.75,0.0,0.25,0.0,0.25,0.25,0.0,1.0,0.25,0.0,0.25,0.5,1.0,0.75,0.25,0.5,0.75,0.75,0.25,0.0,0.25,0.5,0.75,0.25,0.0,0.25,1.0,0.0,0.5,0.75,0.25,0.0,1.0,0.0,1.0,0.5,0.75,0.5,0.25,0.0,1.0,1.0,0.0
15,0.0,0.25,0.5,1.0,0.25,0.5,0.25,1.0,0.0,0.0,0.5,0.75,0.5,0.75,0.25,0.25,1.0,0.75,1.0,0.0,0.75,0.5,0.0,0.0,0.5,0.0,0.75,1.0,0.0,0.75,0.25,0.75,1.0,0.75,0.5,1.0,0.25,0.5,0.75,1.0,0.25,0.5,0.25,0.75,0.25,0.0,0.5,0.25,0.75,0.75,0.25,0.75,1.0,1.0,1.0,0.0,0.25,0.0,0.75,0.0,0.75,0.75,0.5,1.0,0.75,0.5,1.0,0.75,0.75,0.0,0.0,1.0,0.75,0.25,0.0,1.0,0.75,0.75,0.25,1.0,0.75,0.0,0.25,1.0,0.25,0.0,1.0,0.25,0.5,0.0,0.0,0.0,0.5,0.5,0.75,0.25,0.75,0.25,0.5,0.5
16,0.75,1.0,0.75,0.25,0.75,0.0,0.25,0.25,1.0,0.5,0.25,0.5,0.75,0.0,1.0,0.5,0.25,0.5,0.25,0.5,0.25,0.75,0.25,0.25,0.0,0.25,0.0,1.0,0.0,0.75,0.0,1.0,0.75,0.5,0.5,0.0,0.0,1.0,1.0,0.25,1.0,0.25,0.75,0.0,0.75,1.0,0.75,0.75,0.75,1.0,0.75,0.25,1.0,0.75,1.0,0.5,0.25,0.75,0.5,0.5,1.0,0.5,0.25,0.25,0.0,0.25,0.5,0.25,1.0,0.0,0.5,0.0,0.5,1.0,0.0,0.75,0.5,0.75,0.0,0.75,0.75,0.0,1.0,0.75,0.75,1.0,0.75,0.75,0.75,0.25,1.0,0.75,1.0,0.5,0.5,0.75,1.0,1.0,1.0,0.25
17,0.5,1.0,1.0,0.25,0.25,1.0,0.0,1.0,1.0,0.25,0.25,1.0,1.0,1.0,0.25,1.0,1.0,0.75,0.0,0.5,0.0,0.75,0.5,1.0,0.75,1.0,0.25,0.75,0.25,0.75,0.75,0.25,0.5,0.0,1.0,0.75,1.0,0.25,1.0,0.25,1.0,0.0,0.0,0.0,0.0,0.0,0.0,0.25,0.75,1.0,0.0,0.25,0.25,0.25,0.75,1.0,0.75,0.5,0.25,0.5,0.0,0.0,0.75,1.0,0.5,1.0,0.75,0.0,1.0,1.0,0.0,0.5,0.0,1.0,0.5,0.5,0.0,1.0,0.75,1.0,0.25,0.75,0.5,0.75,0.5,0.5,0.75,0.5,0.5,0.25,1.0,1.0,0.25,0.75,0.0,0.0,0.0,0.25,0.25,0.5
18,0.0,0.75,0.75,0.0,0.0,0.0,0.25,0.25,0.25,1.0,0.75,0.75,0.5,0.25,1.0,1.0,0.75,0.25,0.5,0.25,0.0,0.25,0.0,0.0,0.5,0.75,0.25,0.0,0.25,0.75,0.75,1.0,0.75,0.5,0.0,1.0,0.5,0.25,0.0,0.75,0.0,0.25,1.0,1.0,1.0,0.75,0.5,0.5,0.0,0.75,1.0,1.0,0.25,0.25,1.0,1.0,0.75,0.5,0.25,0.5,0.75,1.0,0.5,1.0,1.0,0.0,0.5,0.5,1.0,0.75,0.0,1.0,0.25,0.25,0.0,0.75,1.0,0.5,0.0,0.75,0.5,0.25,0.25,0.5,0.0,0.25,1.0,0.5,0.5,0.25,0.0,1.0,0.0,0.75,0.75,0.25,0.25,0.25,0.75,0.0
19,0.0,0.25,1.0,0.0,0.75,0.5,0.5,0.5,1.0,0.25,0.75,1.0,0.75,0.75,0.25,0.5,0.25,1.0,1.0,1.0,0.25,0.75,0.75,0.0,1.0,0.75,0.0,0.75,1.0,0.5,1.0,0.25,0.75,0.75,0.25,0.25,0.5,0.75,0.75,0.5,0.0,0.5,1.0,0.75,0.25,1.0,0.75,0.5,1.0,0.75,0.0,0.0,0.25,0.75,0.0,0.5,0.75,0.5,0.5,0.0,0.75,1.0,0.0,0.0,0.75,0.75,0.5,0.75,0.5,0.0,0.25,1.0,0.0,0.75,1.0,0.25,0.25,0.5,1.0,0.5,0.0,1.0,0.0,0.5,1.0,0.5,1.0,0.5,0.25,0.5,0.25,0.5,1.0,1.0,1.0,0.75,0.0,1.0,0.25,1.0
20,0.75,0.25,0.75,0.25,0.5,0.0,0.0,0.75,0.0,0.75,0.75,0.75,0.0,0.75,0.0,0.75,1.0,0.75,0.25,0.75,0.5,0.75,0.25,0.25,0.0,1.0,0.75,0.0,1.0,0.75,0.5,0.75,0.25,0.25,0.5,0.0,1.0,0.75,0.25,0.0,0.5,0.25,0.5,0.75,1.0,0.25,0.25,0.75,0.0,1.0,0.25,1.0,0.25,1.0,0.5,0.25,1.0,0.0,0.5,0.5,0.0,1.0,0.75,0.0,1.0,0.0,0.0,0.25,1.0,0.75,0.25,0.0,0.0,0.0,1.0,1.0,0.25,0.75,0.25,0.5,0.0,0.0,0.0,0.25,0.25,0.0,0.25,1.0,1.0,0.25,0.0,0.25,0.25,0.25,0.5,1.0,0.75,0.75,0.5,0.25
21,0.5,0.5,0.0,1.0,0.75,0.25,0.75,0.75,1.0,0.75,0.75,0.5,1.0,0.0,0.25,0.75,0.25,0.0,0.25,0.0,0.5,0.75,0.0,0.25,0.75,0.5,0.75,0.0,0.5,0.25,0.5,0.5,1.0,0.5,0.5,0.75,0.25,0.75,0.75,0.0,0.75,1.0,1.0,0.0,0.25,0.25,0.75,0.75,0.75,0.25,0.5,1.0,0.5,0.5,0.25,0.5,0.0,0.75,0.0,1.0,0.75,0.5,1.0,0.75,0.5,0.0,0.75,0.5,0.0,1.0,1.0,1.0,1.0,0.25,0.75,0.75,0.25,0.5,0.5,1.0,0.0,0.5,0.0,0.75,0.0,0.75,0.25,0.25,1.0,0.5,1.0,0.75,1.0,0.0,0.75,0.25,0.5,0.75,0.75,0.0
22,0.5,0.25,0.75,0.75,0.0,1.0,0.25,0.5,0.75,0.75,0.25,1.0,0.75,0.25,0.0,1.0,0.5,0.75,0.25,0.0,0.5,0.25,0.25,0.5,0.0,0.0,1.0,0.75,0.5,0.5,0.5,0.0,0.75,1.0,0.25,0.25,0.5,0.75,0.0,0.75,0.75,0.0,0.5,0.75,0.25,0.0,1.0,0.5,0.0,1.0,1.0,0.75,0.75,0.75,0.0,0.0,0.5,0.75,1.0,0.25,0.5,0.0,0.5,0.5,0.5,0.5,0.25,0.75,1.0,0.5,0.5,0.5,0.75,0.0,0.0,0.25,0.0,0.5,0.5,0.5,0.25,0.5,0.0,0.75,0.75,1.0,0.0,0.5,0.75,0.0,0.75,0.5,0.75,1.0,1.0,0.75,0.0,0.0,0.0,0.75
23,0.0,0.5,1.0,0.5,0.0,0.5,0.0,0.75,0.5,0.75,0.75,0.25,0.0,1.0,0.0,1.0,0.0,0.75,0.5,0.5,0.25,1.0,1.0,1.0,0.75,1.0,0.5,0.75,0.0,1.0,1.0,0.0,1.0,0.0,0.75,0.5,0.0,0.25,0.0,1.0,0.75,0.75,0.0,0.5,0.25,0.75,1.0,1.0,0.5,0.75,0.0,1.0,0.5,0.75,0.75,0.75,0.75,0.75,1.0,0.5,0.75,0.25,0.25,0.5,0.0,0.0,0.0,0.25,0.0,1.0,0.75,0.25,0.5,0.5,0.75,0.25,0.0,0.0,1.0,1.0,0.0,0.5,0.5,1.0,0.75,0.0,1.0,1.0,0.0,0.0,0.5,0.75,0.75,0.0,0.25,1.0,1.0,0.0,0.25,0.5
24,0.0,0.0,1.0,0.0,0.0,0.0,1.0,0.5,0.5,0.0,1.0,0.5,0.5,0.5,1.0,1.0,0.0,0.75,0.5,0.75,1.0,1.0,1.0,0.75,1.0,0.0,1.0,0.25,0.75,0.25,1.0,0.0,0.5,1.0,0.0,0.75,0.25,0.25,0.25,0.75,0.0,0.75,0.25,1.0,0.5,0.75,0.75,0.0,0.0,0.75,0.25,0.5,0.0,0.25,1.0,0.0,0.25,0.25,0.5,0.5,1.0,0.25,0.25,0.5,0.0,0.0,0.75,0.5,0.75,0.5,1.0,0.25,1.0,0.5,0.25,0.0,0.0,0.75,0.5,0.5,0.0,1.0,0.25,1.0,1.0,0.0,0.0,0.0,0.75,1.0,0.5,0.25,0.75,0.5,1.0,0.0,1.0,0.25,0.75,0.75
25,0.25,0.5,0.5,0.75,0.75,0.0,0.5,0.25,0.5,0.0,0.75,0.75,0.0,0.25,0.75,1.0,0.75,1.0,0.0,0.0,0.75,0.5,1.0,0.25,0.75,0.25,0.75,0.5,0.5,0.5,0.5,0.0,0.0,1.0,0.25,0.75,0.75,0.0,0.75,0.0,1.0,0.25,1.0,0.5,0.5,0.5,1.0,0.75,0.25,0.5,0.5,0.5,0.25,0.5,0.25,0.5,1.0,1.0,0.25,1.0,0.25,1.0,1.0,0.25,0.75,1.0,0.5,0.75,0.25,0.75,0.0,0.0,1.0,1.0,0.5,0.75,0.0,1.0,0.75,1.0,1.0,0.0,0.0,1.0,0.25,1.0,1.0,0.5,0.5,0.5,0.25,0.25,1.0,0.5,0.25,0.0,1.0,0.75,1.0,0.75
26,0.5,0.75,0.5,0.0,0.75,1.0,0.5,1.0,0.25,0.5,0.75,0.5,1.0,0.0,0.5,0.75,0.25,0.0,0.25,0.5,1.0,1.0,0.75,1.0,0.0,1.0,0.75,0.5,0.5,1.0,0.25,0.5,1.0,0.75,1.0,0.5,0.75,1.0,0.0,0.75,0.0,0.25,0.75,0.0,0.5,0.5,0.25,0.75,0.75,0.75,0.25,0.75,0.5,0.0,0.5,0.5,0.0,0.5,0.25,0.0,0.5,1.0,0.5,0.25,0.75,0.5,0.75,1.0,0.5,0.0,0.75,1.0,0.0,0.0,0.0,0.0,0.5,0.5,0.5,1.0,1.0,1.0,0.25,1.0,0.5,0.5,0.25,0.25,1.0,0.75,0.25,0.0,0.5,0.0,0.5,0.5,0.25,0.25,0.0,0.5
27,0.0,0.75,0.0,1.0,0.0,1.0,1.0,1.0,0.75,0.0,0.0,0.75,0.5,0.25,0.0,0.25,0.75,0.5,0.5,0.5,0.75,1.0,1.0,0.25,1.0,1.0,0.5,0.5,0.25,0.0,0.25,0.25,0.75,0.75,0.25,0.25,0.25,1.0,0.75,0.25,0.5,0.5,1.0,1.0,0.0,0.0,0.0,1.0,1.0,1.0,0.5,1.0,0.5,0.0,0.0,0.0,0.25,0.25,0.75,0.75,0.75,0.25,0.25,0.75,0.75,1.0,0.75,1.0,0.5,0.25,0.75,0.25,0.25,0.25,0.5,0.0,0.75,0.0,0.0,0.0,0.25,1.0,0.25,0.25,0.0,0.25,0.0,1.0,0.75,0.0,1.0,0.75,0.5,0.0,0.0,0.5,0.5,0.0,0.5,0.25
28,0.75,0.75,0.75,0.25,0.5,1.0,0.5,0.0,0.75,0.5,1.0,0.0,0.25,0.25,1.0,0.0,0.75,0.5,0.0,0.25,1.0,1.0,0.5,1.0,1.0,0.0,0.75,0.5,0.0,0.75,0.0,0.0,1.0,0.75,0.5,0.5,0.75,1.0,0.25,0.0,1.0,0.75,0.0,0.5,0.25,0.5,0.75,0.0,0.75,0.0,1.0,0.25,1.0,1.0,0.75,0.25,0.0,0.0,0.5,0.0,0.75,1.0,1.0,1.0,0.25,0.0,0.75,0.25,0.5,0.75,0.75,0.75,1.0,0.75,0.0,0.75,1.0,0.75,0.5,0.5,1.0,0.0,0.0,0.25,1.0,0.75,1.0,0.25,1.0,1.0,0.25,0.0,0.75,0.25,0.5,0.0,0.5,0.0,0.75,0.75
29,1.0,0.5,0.0,0.75,0.25,0.75,0.25,0.0,0.75,0.75,0.0,0.75,0.25,0.75,0.5,1.0,0.25,0.5,0.0,0.25,1.0,1.0,0.0,0.0,0.25,0.75,0.0,0.75,0.5,1.0,0.75,1.0,0.75,0.5,0.0,0.5,0.0,0.0,1.0,0.5,0.75,0.5,1.0,0.0,1.0,0.25,0.25,0.75,1.0,0.75,0.75,0.25,0.75,0.25,0.0,1.0,0.75,0.25,0.5,0.75,0.0,0.0,0.5,0.25,0.75,0.25,0.0,0.25,0.0,0.25,0.5,1.0,0.5,0.5,1.0,1.0,0.75,0.75,0.5,0.5,0.0,0.0,0.75,0.75,0.0,0.0,0.25,0.25,0.0,0.25,1.0,0.75,0.75,0.0,0.5,0.0,0.25,0.5,0.25,1.0
30,0.25,1.0,1.0,0.25,0.25,1.0,0.5,1.0,0.75,1.0,0.5,0.75,0.0,0.0,0.5,1.0,0.25,0.5,0.75,0.75,0.0,0.75,0.5,0.75,0.5,0.25,0.0,0.75,0.5,1.0,0.0,0.25,0.5,0.25,0.25,0.75,0.75,0.5,1.0,0.5,1.0,0.25,0.0,0.5,0.5,1.0,0.25,0.25,1.0,0.25,0.75,0.0,0.5,0.0,0.5,0.75,0.25,1.0,0.75,0.0,1.0,0.25,0.75,1.0,0.75,0.75,0.25,0.5,1.0,0.25,0.75,0.25,0.5,1.0,0.5,0.0,1.0,0.5,0.75,1.0,1.0,0.25,0.75,0.0,0.5,0.25,0.5,0.0,0.0,1.0,0.0,0.5,0.75,0.75,1.0,0.5,0.5,0.0,0.5,0.25
31,0.0,0.25,1.0,0.75,1.0,0.75,1.0,0.5,0.25,0.75,0.0,0.25,0.0,0.25,0.25,1.0,0.75,0.75,0.25,0.5,0.5,0.0,0.0,1.0,0.25,0.0,0.0,0.25,1.0,0.0,1.0,0.75,1.0,0.5,0.5,1.0,0.5,0.75,0.25,0.5,0.5,1.0,0.75,0.25,1.0,1.0,0.75,0.25,0.75,0.25,0.75,1.0,1.0,0.0,0.5,0.75,0.0,0.5,0.75,0.25,0.5,1.0,0.0,0.5,0.5,1.0,0.75,0.25,1.0,0.25,0.75,0.5,0.25,0.0,0.0,1.0,0.75,1.0,1.0,1.0,0.0,0.0,1.0,0.0,0.75,1.0,0.0,0.25,1.0,1.0,0.75,0.5,0.5,0.75,0.75,0.75,0.5,0.75,0.0,1.0
32,1.0,0.25,0.25,1.0,0.0,0.5,0.5,0.0,0.5,0.75,1.0,1.0,0.0,0.5,0.25,0.25,0.5,0.25,0.0,0.0,0.5,0.25,0.0,0.0,0.75,0.75,0.0,0.5,1.0,1.0,0.0,0.0,0.0,0.5,0.75,0.0,0.0,0.25,0.5,0.0,0.25,1.0,0.0,0.0,0.25,0.5,0.0,1.0,0.0,1.0,0.75,0.75,1.0,0.5,0.0,0.0,0.75,1.0,0.0,0.0,0.5,0.25,0.75,0.75,0.25,0.0,0.5,0.5,0.75,0.5,0.25,0.0,0.25,1.0,0.75,0.5,1.0,0.5,0.0,0.0,0.0,0.5,1.0,0.0,1.0,0.5,1.0,0.5,0.5,0.75,0.5,0.5,0.25,0.0,0.75,0.75,0.75,0.25,0.5,0.0
33,1.0,0.5,0.25,0.5,0.5,0.25,0.75,0.75,0.0,0.0,0.75,1.0,0.5,1.0,0.5,0.75,0.0,0.0,1.0,0.0,0.75,1.0,0.5,0.0,0.25,0.0,0.5,1.0,0.5,0.25,0.75,0.0,1.0,0.75,0.5,1.0,0.75,1.0,0.25,0.25,0.0,0.0,0.25,1.0,0.25,0.0,0.25,0.25,1.0,0.75,0.0,1.0,0.25,0.25,0.75,0.0,0.0,0.5,0.0,0.75,0.5,0.5,0.25,0.25,0.0,0.5,0.25,0.75,0.25,0.25,0.5,0.5,1.0,0.75,0.5,0.0,0.75,0.75,0.5,0.75,0.5,0.25,1.0,0.25,0.5,0.5,0.25,0.0,0.0,0.0,0.5,0.75,0.5,0.75,0.25,1.0,0.75,0.0,0.5,0.25
34,0.0,0.25,1.0,0.5,0.5,1.0,0.5,0.75,0.25,0.0,1.0,0.75,0.0,0.0,1.0,0.75,0.0,0.0,0.75,0.5,0.0,0.25,0.75,0.0,1.0,0.25,0.0,0.25,0.25,0.5,0.25,0.5,0.75,0.5,1.0,0.0,0.75,0.75,1.0,0.5,0.0,0.5,0.25,0.5,0.75,0.0,0.5,0.0,0.0,0.25,0.25,0.75,1.0,0.0,1.0,0.75,0.0,0.0,1.0,0.5,0.25,0.5,1.0,0.25,0.5,0.25,0.0,0.5,0.25,0.25,0.25,0.5,0.75,0.5,1.0,0.5,0.25,0.0,0.5,0.5,0.25,0.0,0.0,1.0,0.5,0.0,0.0,0.75,0.75,0.0,1.0,0.0,0.25,0.5,1.0,0.25,1.0,0.25,0.5,0.5
35,0.75,0.25,0.75,0.25,0.75,0.5,1.0,0.75,0.25,0.25,0.5,0.25,0.0,1.0,0.75,1.0,0.5,0.75,0.75,0.0,0.5,0.25,0.0,0.0,1.0,1.0,1.0,0.0,0.25,0.75,1.0,0.25,0.5,1.0,0.75,0.5,0.5,0.75,1.0,0.0,0.75,0.75,0.75,0.5,0.25,0.0,1.0,1.0,0.25,0.75,0.0,1.0,1.0,0.75,0.25,0.0,0.25,0.25,0.0,0.0,1.0,1.0,0.0,0.5,1.0,0.5,0.0,1.0,0.25,0.0,0.75,0.5,0.0,0.0,1.0,1.0,1.0,0.75,1.0,0.0,1.0,0.25,1.0,0.75,0.25,0.0,0.0,0.5,0.25,0.5,0.25,0.25,0.75,0.5,0.75,0.25,0.0,0.25,0.75,0.5
36,0.5,0.75,0.5,1.0,0.0,0.0,0.0,0.5,0.5,0.25,0.25,0.0,1.0,0.25,0.25,0.5,1.0,0.0,0.25,1.0,1.0,0.0,1.0,1.0,1.0,0.25,0.0,1.0,1.0,0.25,0.0,0.5,0.25,0.0,1.0,0.0,0.0,0.0,0.5,0.0,0.5,1.0,0.5,1.0,1.0,0.5,0.25,0.75,0.0,0.75,0.0,0.0,1.0,0.0,0.0,0.5,0.75,0.5,0.0,1.0,0.5,0.5,0.25,0.0,1.0,0.5,0.5,1.0,0.0,0.25,0.5,0.25,0.75,0.0,0.75,0.75,0.75,0.0,0.0,1.0,0.25,0.25,1.0,1.0,0.75,1.0,0.5,0.25,1.0,0.5,0.5,0.5,0.5,0.75,0.5,0.75,0.75,0.5,0.25,0.5
37,0.5,0.5,0.25,0.0,0.0,0.75,0.75,0.25,1.0,0.0,0.75,0.0,0.25,0.25,1.0,1.0,0.25,0.75,0.0,0.5,1.0,0.5,0.75,1.0,0.5,0.75,0.0,0.75,1.0,0.25,0.0,0.5,1.0,0.25,0.75,0.25,1.0,1.0,0.25,0.75,0.25,1.0,1.0,0.5,0.5,0.0,1.0,0.5,0.25,0.75,0.25,0.75,0.5,0.0,0.25,0.25,0.25,0.75,0.5,0.25,0.25,0.0,0.0,0.5,0.5,1.0,0.0,1.0,0.75,1.0,0.25,1.0,0.5,0.75,0.25,1.0,0.75,0.75,0.25,1.0,0.75,0.75,0.0,0.75,0.0,1.0,1.0,1.0,0.5,1.0,0.75,0.25,0.0,0.5,1.0,1.0,0.25,0.25,0.5,0.0
38,1.0,0.5,0.75,0.75,0.5,1.0,0.5,1.0,0.25,0.5,1.0,0.5,0.5,1.0,1.0,0.0,0.5,0.75,0.5,0.5,1.0,0.5,0.5,0.75,1.0,0.5,0.25,0.0,0.75,0.5,0.25,0.5,0.5,1.0,1.0,1.0,0.25,0.5,0.0,0.75,1.0,1.0,0.5,0.5,0.25,0.25,1.0,0.5,0.0,0.75,0.5,0.5,0.25,0.75,1.0,0.5,1.0,0.5,1.0,0.75,0.25,0.75,0.0,0.25,0.75,0.0,0.5,0.5,1.0,0.25,0.5,0.25,0.5,1.0,0.75,1.0,0.0,0.5,0.0,0.0,0.25,0.5,0.0,0.75,0.0,0.75,0.25,0.0,1.0,0.25,0.75,0.25,0.0,0.5,0.5,0.75,0.75,0.5,0.75,0.25
39,1.0,1.0,0.25,1.0,0.0,0.25,0.75,0.25,0.5,0.75,0.5,0.75,1.0,0.25,0.0,0.75,0.75,0.5,1.0,0.5,0.5,1.0,0.0,0.5,0.5,0.75,1.0,0.25,0.0,0.0,1.0,0.75,0.75,1.0,0.75,0.0,0.0,0.25,1.0,0.5,0.5,0.25,0.25,0.75,0.25,0.25,0.5,0.75,0.25,0.25,0.75,1.0,0.75,0.5,1.0,0.0,0.75,0.5,1.0,0.75,0.25,0.75,0.0,0.75,1.0,1.0,0.75,1.0,0.25,0.75,0.25,0.25,0.5,0.75,1.0,0.25,0.5,0.75,0.75,0.0,0.0,0.25,0.0,0.25,1.0,0.25,0.0,1.0,0.0,0.25,0.5,0.75,0.0,0.25,1.0,0.0,0.0,0.75,0.25,0.5
40,1.0,0.25,1.0,0.0,0.75,0.75,0.5,0.75,0.0,0.5,0.25,0.75,0.5,0.0,1.0,1.0,0.0,0.0,1.0,0.5,1.0,0.0,0.75,0.25,0.75,0.75,0.0,1.0,0.5,0.75,1.0,0.5,0.75,0.5,1.0,0.25,1.0,0.0,0.5,0.25,0.5,0.5,0.75,0.0,0.5,1.0,1.0,0.75,0.0,0.0,1.0,0.25,0.75,0.75,1.0,1.0,0.25,0.25,0.0,0.75,0.75,1.0,0.0,0.75,0.0,0.0,1.0,0.0,0.25,0.25,0.5,1.0,0.5,0.25,0.5,1.0,1.0,0.0,0.75,0.0,1.0,0.25,0.25,0.0,1.0,0.25,1.0,0.25,1.0,0.5,1.0,1.0,0.0,0.5,0.75,0.0,0.75,0.25,0.75,1.0
41,0.75,0.0,0.0,0.75,0.0,0.0,0.75,0.5,0.5,0.25,0.0,0.75,0.0,1.0,0.0,0.0,0.5,0.75,0.0,0.5,0.25,0.5,0.5,0.5,0.0,0.0,0.25,1.0,1.0,1.0,0.25,1.0,1.0,0.5,0.0,0.0,0.5,0.5,0.5,0.0,1.0,0.5,0.25,0.5,0.75,0.5,0.0,0.5,0.75,0.25,1.0,0.5,0.75,0.75,0.25,0.0,0.5,0.75,0.25,1.0,0.75,0.25,0.0,0.0,0.75,0.75,0.5,0.25,0.75,0.5,0.5,0.75,0.0,0.25,0.25,0.0,0.75,0.25,0.75,0.75,0.5,0.0,0.75,1.0,0.0,0.25,0.5,0.25,0.25,0.0,0.25,0.75,0.25,0.5,0.5,1.0,0.5,0.25,0.5,0.0
42,0.5,0.75,0.0,1.0,0.75,0.25,0.25,0.25,0.75,0.75,0.75,0.0,0.0,0.25,0.5,0.25,1.0,0.0,0.75,0.0,0.75,1.0,1.0,0.0,0.75,1.0,0.25,0.25,0.75,0.0,1.0,0.0,0.25,1.0,0.0,0.5,0.75,0.75,0.5,0.25,1.0,0.75,0.5,0.5,0.25,0.25,0.0,0.75,0.0,0.5,1.0,1.0,0.25,1.0,1.0,1.0,0.5,1.0,1.0,1.0,0.0,0.5,0.25,0.0,0.75,0.5,0.5,0.75,0.75,0.75,0.25,1.0,0.5,1.0,1.0,0.75,0.25,0.0,0.25,1.0,0.25,0.75,0.0,0.75,0.0,1.0,0.0,0.0,0.0,0.25,0.25,1.0,0.0,0.5,1.0,0.0,0.0,0.25,1.0,0.0
43,0.0,1.0,0.5,1.0,1.0,0.5,1.0,0.0,1.0,0.5,0.75,1.0,0.25,0.0,0.0,0.25,0.25,1.0,0.25,0.75,0.5,0.25,0.25,0.75,0.0,0.0,1.0,0.75,0.5,0.5,0.75,0.5,0.0,0.5,0.5,0.75,0.75,0.5,0.25,0.75,1.0,1.0,0.0,0.5,0.25,0.0,0.5,0.75,1.0,0.25,1.0,0.75,0.5,0.75,0.75,1.0,0.25,0.75,1.0,0.25,0.5,0.5,0.0,1.0,0.25,0.75,0.5,0.25,1.0,0.0,0.5,0.25,0.25,0.25,1.0,1.0,1.0,0.75,0.25,0.5,1.0,1.0,0.25,1.0,0.75,0.75,1.0,0.25,0.25,0.25,0.0,1.0,0.25,0.75,0.5,0.5,0.25,0.5,0.5,0.0
44,0.75,0.75,0.0,0.0,0.5,1.0,0.5,0.0,0.75,0.5,1.0,0.5,0.25,0.5,0.0,0.75,0.75,0.0,0.25,0.0,0.5,0.0,0.0,0.25,0.5,1.0,1.0,0.75,0.0,0.75,0.25,1.0,0.0,0.25,0.25,0.0,0.25,0.0,0.0,0.5,0.75,0.25,0.25,0.5,0.5,0.5,1.0,1.0,1.0,0.0,0.25,0.75,0.0,0.25,0.25,0.5,0.5,0.0,0.5,0.25,0.5,1.0,0.5,0.25,0.0,0.75,0.5,0.25,0.75,0.75,1.0,0.75,0.25,0.25,0.5,0.5,0.5,0.75,0.75,1.0,0.5,0.0,1.0,0.0,0.75,1.0,1.0,0.25,0.75,0.75,1.0,0.75,1.0,0.25,1.0,0.75,0.75,1.0,1.0,1.0
45,0.5,0.75,0.75,0.5,1.0,0.25,1.0,1.0,0.5,0.75,1.0,0.75,0.0,0.75,0.25,0.25,1.0,0.75,1.0,0.5,0.25,1.0,0.5,1.0,0.75,0.75,0.75,0.75,0.0,0.5,0.5,0.75,0.0,0.75,0.0,0.75,0.25,0.25,1.0,0.75,0.5,1.0,0.25,0.75,1.0,0.75,0.25,1.0,0.25,0.0,0.25,0.75,0.5,0.25,0.5,0.0,1.0,1.0,0.5,1.0,0.25,0.5,0.75,0.25,0.25,0.25,0.75,0.0,1.0,0.5,0.0,0.5,1.0,0.75,0.25,0.25,0.75,0.0,0.0,0.5,0.75,0.0,0.75,1.0,0.25,0.25,0.25,0.75,0.75,0.5,0.25,0.5,0.25,0.5,0.5,1.0,0.5,0.75,0.5,0.25
46,0.5,0.0,0.25,0.0,0.25,0.75,0.75,0.75,0.0,1.0,0.25,0.75,0.25,0.0,1.0,0.0,0.25,1.0,1.0,0.0,0.75,0.25,0.5,0.5,0.0,0.25,0.25,0.0,0.25,0.75,0.0,0.75,0.25,0.0,0.25,0.0,0.25,0.75,0.75,0.25,0.0,0.5,0.75,0.75,0.5,0.25,0.0,0.25,1.0,0.75,1.0,0.75,0.75,1.0,1.0,0.25,1.0,0.25,0.25,0.25,0.75,0.75,1.0,0.75,1.0,0.75,0.0,0.0,1.0,0.75,0.75,0.25,0.5,1.0,0.5,0.5,1.0,0.75,1.0,0.5,0.75,0.0,1.0,1.0,0.75,0.0,0.0,0.75,0.25,1.0,1.0,0.5,0.75,0.5,0.5,0.0,1.0,0.5,0.0,0.75
47,0.5,1.0,0.5,0.75,0.5,1.0,0.0,1.0,0.0,0.25,1.0,1.0,0.75,0.5,0.0,0.0,0.75,0.75,0.5,0.5,1.0,0.25,0.5,0.75,0.5,0.0,0.25,1.0,0.0,0.0,0.25,1.0,0.75,1.0,0.5,0.0,0.5,0.75,0.5,1.0,0.5,0.75,0.75,0.75,1.0,0.75,0.0,0.75,0.5,0.5,0.5,1.0,0.5,1.0,1.0,0.75,0.0,0.75,0.75,1.0,1.0,0.5,0.5,0.75,0.25,0.25,0.5,0.25,0.5,1.0,0.75,0.0,0.75,0.5,0.5,0.75,0.5,0.25,0.25,0.5,0.5,0.25,0.5,0.5,0.75,0.0,0.25,0.75,0.0,0.5,0.5,0.75,0.5,1.0,0.75,0.0,0.75,0.25,0.75,0.5
48,0.5,1.0,1.0,1.0,0.0,1.0,0.0,1.0,0.0,0.75,0.75,0.5,0.0,0.25,0.5,0.75,0.0,1.0,0.25,0.75,0.5,0.0,0.25,0.0,1.0,0.5,0.0,0.75,0.5,0.75,0.0,0.5,0.75,1.0,1.0,0.0,0.5,0.25,0.5,1.0,0.75,0.25,0.0,0.25,0.0,0.25,0.0,0.0,0.25,0.25,0.0,1.0,0.25,0.5,0.75,0.0,0.0,0.75,1.0,0.75,0.25,0.75,0.0,0.75,0.5,0.25,0.75,0.0,0.25,0.0,1.0,0.5,1.0,0.5,0.75,0.25,0.75,0.5,0.5,0.5,0.0,0.25,0.75,0.75,1.0,0.5,0.5,0.5,0.75,1.0,0.0,0.25,0.0,0.75,0.5,0.25,0.75,0.75,0.75,0.25
49,0.25,1.0,1.0,0.0,0.25,0.25,0.25,1.0,0.75,0.5,1.0,0.25,1.0,0.0,0.25,0.0,0.25,1.0,0.75,0.5,0.0,1.0,0.75,1.0,0.0,0.5,1.0,0.25,0.75,1.0,0.75,0.25,0.5,0.5,0.25,0.75,1.0,0.25,0.0,0.75,0.5,0.25,0.5,0.75,0.5,0.25,0.75,0.0,0.25,1.0,0.25,0.75,0.25,0.0,0.0,1.0,0.5,0.75,0.75,0.5,0.0,0.0,0.25,1.0,1.0,1.0,0.25,1.0,0.5,0.25,0.5,0.25,1.0,0.5,0.5,0.5,0.25,0.75,1.0,0.5,0.75,1.0,1.0,0.5,0.5,0.25,0.75,0.75,0.5,1.0,0.5,1.0,1.0,0.5,0.0,0.75,1.0,1.0,0.0,0.25
50,0.0,0.0,1.0,0.75,0.0,0.25,0.5,0.0,0.0,0.25,0.75,0.0,0.0,0.75,0.25,0.0,0.75,0.0,0.5,1.0,0.5,0.0,0.25,1.0,0.5,0.75,0.25,0.5,0.75,0.0,0.75,0.5,0.5,0.0,0.75,0.75,0.0,0.75,0.0,0.25,0.5,0.25,1.0,1.0,1.0,0.0,0.75,0.25,0.25,0.25,0.25,1.0,0.25,0.75,1.0,0.25,0.0,0.5,0.5,0.5,1.0,0.25,1.0,0.75,0.0,0.0,0.5,0.5,0.5,0.25,0.75,0.75,0.75,0.75,0.5,0.0,0.5,0.75,0.5,0.75,1.0,0.0,1.0,0.25,0.5,0.25,0.5,1.0,0.75,0.75,0.5,0.75,1.0,0.75,1.0,0.25,1.0,0.0,0.0,0.0
51,0.5,0.5,0.5,1.0,0.5,0.25,0.0,1.0,0.0,0.5,1.0,0.75,0.25,0.5,0.5,0.25,0.25,0.75,0.5,0.5,0.0,1.0,1.0,0.0,1.0,0.25,1.0,1.0,0.0,0.75,1.0,1.0,0.75,0.0,0.75,0.0,0.25,0.0,0.25,0.25,0.0,0.5,0.0,1.0,1.0,0.5,0.25,0.5,1.0,0.5,0.0,0.5,0.25,0.0,0.75,1.0,1.0,0.5,0.0,0.75,0.0,1.0,0.0,0.75,0.5,0.25,0.0,0.25,1.0,0.5,0.5,0.0,0.5,0.0,0.0,0.25,0.5,0.0,0.25,0.75,0.25,0.25,0.0,1.0,1.0,1.0,0.25,0.0,0.5,0.25,0.25,0.0,0.75,0.25,0.75,0.75,1.0,0.0,0.75,0.0
52,1.0,0.0,0.25,0.75,0.0,0.5,0.0,0.75,1.0,1.0,0.75,0.25,0.25,1.0,1.0,0.75,0.25,1.0,0.25,1.0,0.0,0.5,0.0,1.0,0.5,0.5,1.0,1.0,0.25,1.0,0.75,1.0,0.75,1.0,0.25,0.75,0.0,0.75,0.25,0.75,1.0,1.0,0.25,0.5,1.0,0.0,0.25,0.75,0.75,0.0,1.0,0.25,0.0,1.0,0.25,0.75,0.25,0.5,0.25,0.5,0.25,0.5,0.75,1.0,0.5,0.5,0.75,0.5,0.0,0.75,0.0,0.75,0.5,0.0,0.5,0.75,0.5,0.0,0.0,0.5,0.25,0.75,0.75,0.5,0.25,0.0,1.0,1.0,0.5,0.25,0.25,0.75,0.0,0.25,1.0,0.0,0.0,0.5,0.25,0.5
53,0.25,0.75,0.5,0.5,1.0,0.5,0.25,1.0,0.5,0.5,0.75,0.5,0.0,1.0,0.0,1.0,0.75,0.5,0.5,0.5,1.0,0.5,0.0,0.5,0.75,0.0,0.5,0.5,0.25,1.0,0.0,0.25,0.75,1.0,0.0,0.5,0.0,0.5,1.0,0.5,0.75,0.5,0.75,1.0,1.0,0.0,0.75,0.75,0.25,0.25,0.25,0.5,0.25,0.75,0.5,1.0,0.0,0.25,1.0,0.75,0.0,1.0,0.0,0.25,0.75,0.0,1.0,0.25,0.25,1.0,1.0,0.0,0.5,0.25,0.0,1.0,0.0,1.0,0.75,1.0,1.0,1.0,0.5,1.0,0.25,0.25,0.0,0.5,0.0,0.25,0.25,0.75,1.0,0.25,0.0,0.0,1.0,1.0,0.75,0.5
54,0.0,1.0,0.0,1.0,0.25,0.0,0.25,0.0,0.5,0.75,0.25,1.0,0.5,0.0,0.25,0.0,0.0,0.0,0.75,0.75,1.0,0.25,0.5,0.5,0.5,0.0,0.75,0.25,0.0,0.75,0.75,0.25,0.25,0.25,0.0,1.0,0.25,1.0,0.0,1.0,0.5,1.0,0.25,0.0,0.25,0.5,0.25,0.25,0.25,0.75,0.5,0.25,0.25,0.25,0.0,0.75,0.0,0.75,0.25,0.5,1.0,1.0,0.25,0.0,0.5,0.75,0.25,0.5,0.5,0.75,0.5,0.0,0.0,0.0,0.5,0.0,0.75,0.5,1.0,0.5,0.75,1.0,0.5,0.0,0.25,0.25,0.0,0.25,0.25,0.0,0.0,0.5,0.5,0.0,0.75,0.25,0.5,0.25,1.0,0.0
55,0.75,1.0,1.0,1.0,0.0,0.5,0.0,0.5,1.0,1.0,0.75,0.5,1.0,0.25,0.75,0.0,0.75,0.25,0.5,0.0,0.0,0.5,0.75,1.0,0.75,0.25,1.0,0.75,0.5,0.25,0.25,0.25,1.0,0.0,1.0,0.75,0.0,0.75,0.0,1.0,0.25,0.5,0.25,1.0,0.0,0.25,1.0,0.75,0.5,0.25,0.0,0.75,1.0,0.5,0.0,1.0,1.0,0.25,0.25,0.0,1.0,0.25,0.5,0.5,1.0,0.25,0.0,0.0,0.0,0.5,0.25,0.25,0.5,0.0,0.0,1.0,0.75,0.25,0.25,0.25,0.75,1.0,0.75,0.0,0.0,0.25,0.5,0.25,0.5,0.75,0.0,0.5,0.75,0.0,0.5,0.25,0.25,0.25,0.75,0.25
56,1.0,0.0,0.75,0.25,0.0,0.5,0.25,0.0,1.0,0.5,1.0,0.0,1.0,0.0,0.0,1.0,0.0,0.25,0.0,0.75,0.0,0.75,0.0,0.0,1.0,0.25,0.25,0.5,1.0,1.0,0.25,1.0,0.25,1.0,0.0,0.25,0.25,0.75,1.0,1.0,0.25,0.0,0.0,0.0,1.0,0.75,0.25,0.5,0.75,0.5,0.75,0.0,1.0,0.5,0.75,1.0,0.5,0.25,0.75,0.25,0.0,0.25,0.25,0.75,0.0,0.25,1.0,0.5,0.25,0.0,0.25,0.5,0.0,0.75,0.0,0.75,0.0,0.5,0.5,0.0,0.25,0.5,0.75,0.75,1.0,0.75,1.0,0.0,0.0,0.0,0.25,0.25,1.0,0.75,0.75,0.0,0.5,0.25,0.25,0.0
57,0.25,0.0,1.0,0.75,0.5,0.75,0.75,1.0,0.25,0.5,0.25,0.75,0.0,0.75,0.25,0.75,0.0,1.0,0.25,0.75,0.25,1.0,0.75,0.75,0.25,0.25,0.0,1.0,0.0,0.75,0.25,0.75,0.75,0.5,0.5,0.75,0.25,0.75,0.5,0.25,0.75,1.0,1.0,0.75,0.25,0.75,0.75,0.5,1.0,0.5,0.5,0.75,0.5,1.0,0.5,1.0,0.5,1.0,0.5,0.5,0.25,1.0,1.0,1.0,0.0,0.5,1.0,0.0,0.25,1.0,1.0,0.0,0.5,0.25,1.0,0.5,0.25,0.75,0.75,0.25,0.0,0.25,0.25,0.0,0.0,0.5,0.5,0.0,0.75,0.75,0.25,1.0,0.25,0.25,1.0,0.0,0.75,0.25,1.0,0.5
58,0.25,0.75,0.0,0.25,0.25,1.0,0.5,0.5,0.0,0.75,0.0,0.25,0.25,0.5,0.75,1.0,0.75,0.25,1.0,0.75,0.75,1.0,0.25,0.75,1.0,0.25,1.0,1.0,0.75,0.25,0.75,0.0,0.0,0.25,1.0,0.75,0.75,0.25,0.25,0.0,0.5,0.25,0.5,0.25,1.0,1.0,0.0,0.0,0.5,0.25,0.75,0.0,0.75,0.75,0.25,0.5,0.25,0.0,0.75,0.25,0.25,0.25,0.0,0.5,0.25,0.0,0.75,1.0,0.0,1.0,0.25,0.25,0.0,1.0,0.25,0.75,0.5,0.5,0.25,1.0,0.25,1.0,0.75,1.0,0.25,0.75,0.0,0.5,0.25,0.25,0.25,0.75,0.0,1.0,0.0,0.75,0.25,0.5,0.25,1.0
59,0.5,0.25,0.5,0.0,0.75,0.25,1.0,0.0,0.25,0.0,1.0,0.25,1.0,0.5,1.0,0.5,0.25,0.5,0.25,0.25,0.75,0.25,0.5,0.75,0.75,0.25,1.0,1.0,0.75,0.25,1.0,0.25,0.25,0.75,0.75,0.0,1.0,1.0,1.0,0.5,0.25,0.75,1.0,0.0,1.0,0.25,0.25,0.75,0.5,0.75,1.0,0.0,0.75,0.5,0.75,0.25,1.0,1.0,1.0,1.0,1.0,1.0,0.0,0.5,1.0,0.5,1.0,0.75,1.0,0.25,0.0,0.75,0.75,0.25,1.0,0.0,0.75,0.0,0.75,1.0,0.75,0.75,0.5,1.0,0.25,0.25,1.0,0.25,1.0,0.25,0.5,0.25,0.75,1.0,0.0,0.0,1.0,0.5,0.25,0.5
60,0.0,1.0,1.0,0.5,0.5,0.25,0.75,0.75,0.25,0.75,0.0,0.75,0.25,0.75,1.0,0.5,0.0,1.0,1.0,0.25,0.5,0.5,0.0,0.25,0.0,0.75,1.0,0.0,1.0,0.25,0.75,0.25,0.75,0.75,1.0,0.25,0.25,0.0,0.25,0.0,0.5,0.5,0.5,0.25,0.25,0.0,0.75,0.0,0.5,0.0,0.75,0.25,0.0,0.5,0.5,0.25,0.0,0.75,0.25,0.0,1.0,0.5,0.75,0.75,0.75,0.5,0.0,0.25,0.0,0.25,0.75,0.0,0.75,1.0,0.75,0.75,0.25,1.0,0.75,0.75,1.0,1.0,0.0,0.25,1.0,1.0,0.5,1.0,0.25,0.75,0.75,0.75,0.75,0.5,1.0,0.75,0.0,0.75,1.0,0.75
61,0.5,0.25,0.25,1.0,0.25,0.25,0.0,1.0,1.0,0.25,0.25,0.25,0.5,0.75,0.5,1.0,0.0,0.75,0.0,1.0,1.0,0.0,0.0,0.0,1.0,0.25,0.0,0.75,1.0,0.5,0.5,0.75,0.25,0.0,1.0,0.0,1.0,0.5,0.0,0.75,0.25,0.75,0.25,0.0,0.0,0.25,0.5,1.0,0.75,0.75,0.75,0.0,0.75,1.0,1.0,0.25,0.0,1.0,0.5,0.0,0.0,1.0,0.5,0.25,1.0,0.5,0.0,0.5,0.0,1.0,1.0,0.75,0.75,0.75,1.0,0.25,1.0,0.5,1.0,1.0,0.0,0.0,0.0,1.0,0.25,0.5,0.5,0.25,0.25,0.5,0.75,0.0,0.0,0.5,0.25,0.75,0.5,0.0,1.0,0.25
62,1.0,0.5,0.0,0.75,1.0,0.75,0.0,1.0,0.75,0.75,1.0,0.0,0.75,0.5,1.0,0.25,0.25,0.0,0.5,0.75,0.25,0.0,0.5,0.5,0.0,0.0,0.75,0.0,0.75,0.75,1.0,0.5,0.5,0.5,1.0,0.75,0.75,0.0,1.0,0.0,1.0,0.0,0.25,0.5,0.5,0.75,0.25,0.5,0.75,0.25,0.5,0.0,1.0,0.25,0.75,0.25,0.75,0.25,0.75,0.5,0.0,0.5,0.0,0.5,0.5,0.25,1.0,0.75,0.75,0.75,0.0,0.75,0.75,0.25,0.5,0.75,1.0,0.75,0.0,0.0,0.0,0.75,0.25,1.0,0.75,0.25,0.25,0.75,0.75,0.25,0.25,0.25,0.75,0.25,0.0,0.75,0.0,0.5,0.75,0.5
63,0.25,0.25,1.0,0.25,0.5,0.25,0.75,0.25,1.0,0.25,0.5,0.5,0.25,0.5,0.5,1.0,0.75,1.0,0.0,1.0,0.25,0.75,0.25,0.0,0.75,0.5,1.0,0.25,0.0,0.5,1.0,0.5,1.0,0.75,0.5,0.5,0.5,0.75,0.0,1.0,0.5,0.75,0.0,1.0,0.75,1.0,0.5,0.0,0.75,0.0,0.5,0.0,0.0,0.25,0.0,1.0,0.75,0.25,0.75,0.75,0.5,0.5,0.25,0.5,0.5,0.5,0.75,0.25,0.75,1.0,0.75,1.0,0.0,0.0,1.0,1.0,0.75,1.0,0.25,0.0,0.0,1.0,0.5,0.5,1.0,0.25,0.5,1.0,0.25,0.25,0.75,0.25,0.5,0.5,1.0,1.0,0.25,0.0,0.75,0.0
64,0.25,0.25,0.0,0.75,0.0,1.0,0.5,1.0,0.5,0.25,0.75,0.0,0.75,0.0,1.0,1.0,0.0,0.75,0.0,0.25,1.0,0.25,1.0,1.0,0.5,0.25,0.25,0.5,0.75,0.25,0.0,0.5,0.25,0.75,0.25,1.0,0.0,0.5,1.0,0.75,1.0,1.0,0.75,1.0,0.5,0.25,1.0,0.5,0.25,0.25,1.0,0.5,1.0,0.75,0.25,1.0,0.25,0.5,0.0,1.0,1.0,0.25,0.5,0.75,0.5,1.0,0.75,0.5,0.0,0.25,0.5,0.5,0.0,1.0,0.25,0.5,0.75,0.5,0.25,0.5,0.0,0.5,0.5,0.75,0.0,0.0,0.5,0.75,0.5,0.5,0.25,0.25,0.75,1.0,0.25,1.0,0.0,0.25,0.25,0.75
65,1.0,0.25,0.25,0.75,0.75,1.0,0.0,0.0,0.5,0.25,1.0,0.25,1.0,1.0,1.0,0.25,0.75,0.25,1.0,0.5,0.0,1.0,0.5,0.75,1.0,0.5,1.0,0.25,0.5,0.25,0.25,0.5,0.0,0.5,0.0,1.0,1.0,0.5,1.0,0.75,0.25,0.25,0.0,1.0,0.0,0.25,0.25,1.0,0.75,0.75,1.0,1.0,0.0,1.0,0.75,1.0,0.0,0.0,0.0,0.0,0.5,1.0,0.25,1.0,0.5,0.0,0.5,0.75,0.75,1.0,1.0,0.25,0.25,0.75,0.0,0.5,0.25,0.25,0.0,0.0,1.0,0.5,0.0,0.25,0.25,0.75,0.0,1.0,0.5,1.0,0.25,1.0,0.25,0.25,0.25,0.25,0.25,0.75,1.0,0.75
66,0.75,0.0,0.0,0.0,0.5,0.0,1.0,0.75,1.0,0.0,0.5,0.5,0.75,1.0,0.25,1.0,0.0,0.25,0.5,0.75,0.75,0.5,0.0,0.5,0.0,0.25,0.5,0.0,0.25,0.5,0.75,0.5,1.0,0.5,1.0,0.25,0.5,0.25,0.25,0.0,0.25,0.25,0.5,0.5,0.75,0.0,0.25,0.0,1.0,0.25,0.0,0.75,0.75,0.25,1.0,0.75,0.75,1.0,0.0,0.75,0.5,0.75,0.0,0.0,0.25,0.5,0.0,1.0,0.5,0.5,1.0,0.75,1.0,1.0,0.75,0.75,0.75,0.75,0.75,1.0,0.25,0.25,0.0,0.25,0.25,1.0,0.75,0.75,1.0,0.25,1.0,0.0,0.75,0.5,0.0,0.0,1.0,0.25,0.75,0.5
67,0.0,0.5,0.25,0.25,0.5,0.75,0.25,0.5,0.0,0.5,0.5,1.0,0.25,0.75,0.75,1.0,0.75,0.5,1.0,0.0,0.25,0.25,0.25,0.5,0.0,1.0,1.0,0.25,0.0,0.0,0.0,0.75,0.75,0.25,0.0,0.0,1.0,1.0,0.25,0.0,0.25,1.0,1.0,0.75,0.25,0.25,0.0,0.0,0.75,0.5,0.5,0.5,0.25,0.25,1.0,0.25,0.25,0.25,0.75,0.25,0.0,0.0,1.0,0.75,0.0,0.75,0.75,1.0,0.75,0.25,0.75,1.0,1.0,1.0,0.0,0.25,0.0,0.5,0.25,0.75,1.0,0.5,0.25,0.0,1.0,0.0,0.25,0.25,0.5,0.75,0.0,0.5,1.0,0.75,0.5,0.0,0.25,1.0,0.0,0.75
68,0.75,0.25,0.25,1.0,1.0,0.25,0.25,0.75,0.25,0.5,0.0,0.25,1.0,0.5,1.0,0.5,0.25,0.0,1.0,0.5,0.75,0.25,0.0,0.25,0.75,0.0,0.75,0.25,0.5,0.25,0.25,0.25,1.0,0.75,0.75,0.75,1.0,0.5,0.25,0.5,1.0,0.75,0.25,0.0,0.0,0.5,0.75,0.0,0.5,1.0,0.5,0.5,0.5,0.25,0.5,0.5,0.25,0.25,1.0,0.75,0.0,0.0,0.5,1.0,0.5,0.0,0.25,0.75,1.0,0.25,0.75,1.0,1.0,0.0,0.25,1.0,1.0,0.75,0.0,0.5,0.0,0.5,0.25,0.25,1.0,0.25,1.0,0.0,0.25,0.0,0.0,0.25,0.0,0.25,0.25,0.25,0.5,0.0,0.75,0.25
69,0.0,1.0,0.25,0.25,0.75,0.5,0.5,0.25,0.0,1.0,1.0,0.0,0.25,1.0,0.5,0.0,0.75,0.25,0.0,1.0,0.25,0.5,0.25,0.25,0.5,0.5,0.25,0.5,0.0,0.5,0.5,0.25,0.0,0.75,0.75,1.0,0.5,0.5,0.0,0.75,1.0,0.0,0.5,0.75,1.0,0.25,0.75,1.0,0.0,0.25,1.0,1.0,0.5,0.75,0.5,0.25,1.0,0.5,0.75,0.25,0.0,0.5,0.25,0.0,0.5,0.25,0.25,0.5,0.25,1.0,0.5,0.25,0.0,0.0,1.0,0.5,0.25,0.25,0.0,1.0,0.0,0.0,1.0,0.5,0.25,0.5,0.75,0.75,0.75,1.0,0.0,0.5,0.25,0.75,0.5,0.75,0.75,0.25,1.0,0.0
70,1.0,0.5,1.0,0.5,0.5,0.0,0.25,0.0,1.0,0.5,0.75,0.75,0.5,0.0,0.25,0.0,0.5,0.5,0.25,1.0,1.0,0.25,1.0,0.75,1.0,1.0,1.0,0.75,1.0,0.75,0.25,0.0,0.25,0.0,0.25,0.0,0.0,0.5,0.0,0.0,0.5,1.0,1.0,0.5,0.75,0.0,0.0,0.5,0.5,0.75,1.0,0.25,1.0,0.0,0.5,0.75,1.0,0.75,1.0,0.0,0.25,0.75,0.75,0.25,0.75,0.75,1.0,1.0,0.25,0.0,0.75,0.0,0.25,0.25,1.0,0.75,0.5,0.25,0.75,0.0,1.0,0.0,0.25,0.25,0.0,0.25,0.75,0.25,1.0,0.75,0.5,0.25,0.25,1.0,1.0,0.0,0.0,0.0,1.0,0.0
71,0.0,0.5,0.0,0.25,1.0,0.75,0.5,1.0,1.0,0.25,0.0,0.25,0.0,0.0,1.0,0.0,0.5,0.5,0.5,1.0,0.25,0.75,0.0,0.75,0.25,0.25,1.0,0.5,0.5,0.25,1.0,1.0,0.0,0.5,0.25,0.75,0.5,0.0,1.0,0.25,0.5,0.75,0.0,0.0,0.5,0.75,0.0,0.25,0.0,0.75,1.0,1.0,0.5,0.75,0.0,0.0,1.0,1.0,0.25,1.0,0.25,0.0,0.25,0.25,0.5,1.0,0.25,0.0,0.75,0.25,1.0,0.5,0.0,0.5,0.75,0.25,0.25,1.0,0.25,0.0,0.75,0.5,0.75,0.25,0.5,1.0,0.75,0.5,0.5,0.5,0.0,0.75,0.5,0.75,0.5,1.0,1.0,1.0,0.25,0.5
72,0.25,0.75,0.25,0.75,0.75,0.75,0.25,0.5,0.25,0.5,0.5,0.75,0.25,0.5,1.0,0.5,1.0,0.25,0.25,0.25,0.5,0.0,0.5,0.5,0.75,0.75,0.5,1.0,0.75,0.5,0.0,1.0,0.25,0.5,0.5,1.0,0.75,0.75,0.75,0.25,1.0,1.0,0.75,0.75,0.0,0.0,0.5,0.5,1.0,1.0,0.25,0.25,0.0,0.5,0.0,0.0,0.5,0.25,0.5,0.75,0.75,0.75,1.0,0.25,0.25,1.0,0.0,0.75,0.75,0.0,0.5,0.5,0.25,1.0,0.25,0.5,0.0,0.25,0.75,0.75,0.0,0.5,0.75,0.75,1.0,0.25,0.5,0.25,0.5,0.75,1.0,0.25,0.75,0.5,0.25,0.25,0.75,0.25,1.0,1.0
73,0.75,0.5,0.75,1.0,0.0,0.0,0.25,0.25,0.0,1.0,0.25,0.75,0.75,1.0,0.25,0.75,0.25,0.25,0.75,0.0,0.75,1.0,0.5,0.75,0.25,0.25,0.75,0.5,0.75,0.5,0.5,1.0,0.25,0.25,0.5,0.25,0.0,0.5,0.25,0.0,1.0,0.25,0.0,0.75,0.75,0.0,0.5,0.5,0.25,0.75,0.5,0.5,0.75,1.0,0.5,0.0,0.25,0.5,0.5,1.0,0.0,0.25,0.5,0.25,0.75,0.5,0.5,0.75,1.0,0.5,0.25,0.0,0.25,1.0,0.0,0.25,0.25,0.75,1.0,0.75,0.0,0.75,1.0,0.5,0.5,0.0,0.5,0.75,0.0,1.0,0.0,0.0,0.25,0.25,0.0,0.5,0.25,1.0,0.75,0.25
74,0.0,0.5,0.75,0.25,0.5,0.5,0.5,0.0,1.0,0.5,0.75,0.25,0.75,0.0,0.0,0.75,1.0,0.0,0.0,0.75,0.0,1.0,1.0,1.0,0.25,1.0,1.0,0.25,0.5,0.0,1.0,0.0,0.75,0.0,0.25,0.0,0.0,0.0,0.5,0.5,0.75,0.25,0.0,0.0,0.0,0.0,0.5,0.75,1.0,0.25,0.0,0.75,1.0,0.75,0.5,1.0,0.75,0.5,0.75,0.75,1.0,0.5,0.0,0.25,1.0,0.5,0.75,0.5,0.25,0.25,0.0,0.0,0.25,1.0,1.0,0.75,0.0,0.75,0.0,0.25,1.0,1.0,0.25,0.75,0.75,0.5,0.0,0.75,0.25,0.75,1.0,0.0,0.5,0.0,1.0,1.0,1.0,1.0,0.25,0.5
75,1.0,1.0,0.75,0.5,0.0,0.5,0.5,0.5,1.0,1.0,0.25,0.0,0.75,0.5,0.0,0.0,0.25,0.75,0.5,0.75,0.25,1.0,0.0,0.5,1.0,0.25,0.75,0.0,0.5,1.0,1.0,0.0,0.75,0.25,0.75,0.75,0.75,0.0,0.0,0.25,0.75,0.0,0.25,0.25,0.75,0.5,0.75,0.5,0.25,0.0,1.0,0.25,0.0,0.25,0.75,0.5,0.25,0.0,0.75,1.0,0.75,0.5,0.75,1.0,0.0,0.25,0.5,1.0,0.5,0.75,0.5,1.0,0.25,0.25,0.5,0.0,0.5,0.75,0.25,0.25,0.25,0.0,0.0,1.0,0.5,0.5,0.75,0.25,0.0,0.75,0.75,0.0,0.5,0.25,0.5,0.75,0.25,1.0,0.75,0.5
76,0.5,0.5,0.0,0.75,0.25,0.5,0.5,0.0,0.25,0.75,1.0,0.0,0.75,1.0,0.5,0.5,0.25,1.0,0.5,0.5,0.25,0.75,0.5,0.0,0.0,0.75,1.0,0.25,0.0,0.0,0.75,1.0,1.0,0.75,0.0,0.25,0.0,1.0,0.0,0.25,0.5,0.0,0.75,0.5,0.75,0.75,0.75,0.0,1.0,0.5,0.25,1.0,0.0,0.75,0.25,0.5,1.0,1.0,0.25,0.0,0.5,0.25,0.75,0.5,1.0,0.25,1.0,1.0,1.0,0.0,1.0,0.75,0.75,0.5,1.0,1.0,0.25,0.0,0.5,1.0,0.25,0.0,0.5,0.5,1.0,0.5,0.25,0.5,0.75,0.25,0.0,0.0,1.0,1.0,0.75,0.0,0.0,0.0,0.0,0.5
77,0.25,0.25,0.75,0.5,0.0,0.0,1.0,1.0,0.75,0.0,0.75,0.5,0.25,0.0,0.5,0.0,1.0,0.75,1.0,0.25,1.0,0.0,1.0,0.0,0.25,1.0,0.75,0.75,0.75,1.0,1.0,1.0,0.0,0.25,0.75,0.0,0.75,0.0,1.0,0.75,1.0,0.75,0.5,0.0,0.5,0.0,0.25,0.75,0.25,0.25,0.0,0.5,1.0,0.0,1.0,0.25,1.0,0.5,0.0,0.5,0.5,0.0,0.5,0.75,0.75,0.75,1.0,0.5,0.0,0.0,1.0,0.0,0.75,0.5,0.0,0.0,0.25,0.25,0.25,0.5,0.75,0.75,0.75,0.5,0.5,0.25,0.0,1.0,1.0,0.0,0.25,0.0,0.0,1.0,0.25,0.5,1.0,0.5,0.25,0.0
78,0.75,0.75,0.25,0.75,0.5,0.75,0.25,0.25,0.5,0.75,0.75,0.0,1.0,0.25,0.0,0.25,0.0,1.0,0.0,0.25,0.75,0.25,0.5,0.5,0.5,0.5,1.0,0.75,0.75,0.25,0.0,0.25,0.25,0.25,0.25,0.75,0.0,0.25,0.75,0.25,0.5,0.25,0.25,1.0,0.5,0.0,0.25,0.0,0.5,0.25,1.0,0.75,1.0,1.0,0.75,0.75,0.75,0.25,0.0,0.0,0.75,1.0,0.5,0.75,1.0,1.0,0.25,0.25,0.0,0.0,0.5,0.5,0.5,0.5,1.0,1.0,0.0,0.25,0.25,0.75,1.0,0.5,0.5,0.75,0.25,0.5,0.25,0.75,0.25,0.25,0.25,0.5,0.0,1.0,0.25,0.25,0.25,0.0,0.75,0.5
79,0.0,0.25,0.0,0.0,0.0,0.75,1.0,0.5,0.75,0.75,1.0,0.75,0.0,0.0,0.25,0.75,0.25,0.5,0.0,0.5,1.0,0.0,0.5,1.0,0.5,1.0,1.0,0.0,0.25,1.0,1.0,0.0,0.25,0.75,0.75,0.25,0.5,0.0,0.25,0.75,1.0,0.75,1.0,0.0,1.0,0.25,1.0,0.5,0.25,0.0,0.25,0.5,0.0,0.75,0.5,0.0,1.0,0.25,0.0,0.25,1.0,0.0,0.75,0.5,0.0,1.0,0.0,0.25,0.0,0.75,0.0,0.5,0.0,0.25,0.0,0.75,1.0,0.0,0.0,0.5,0.75,1.0,0.25,0.0,1.0,0.25,0.75,0.75,1.0,0.25,0.75,1.0,0.75,0.75,0.75,0.5,0.25,1.0,1.0,0.25
80,0.25,0.25,0.25,0.0,1.0,0.0,0.75,0.75,1.0,0.75,0.25,0.0,0.25,0.75,0.0,0.25,1.0,0.25,0.75,0.0,1.0,0.0,1.0,0.0,0.75,1.0,0.5,0.0,0.0,0.25,1.0,0.5,0.75,0.25,0.5,1.0,0.5,0.0,0.0,0.25,1.0,1.0,0.5,0.25,1.0,0.0,0.5,0.75,0.0,0.25,1.0,0.0,0.75,0.75,0.25,0.0,0.5,0.0,0.75,0.25,0.25,0.5,0.25,0.25,0.25,0.25,0.25,0.75,0.0,1.0,0.25,1.0,1.0,0.75,0.25,1.0,0.25,0.5,0.5,0.5,1.0,0.5,0.75,0.75,1.0,0.25,0.0,0.25,0.25,0.25,0.25,0.0,0.5,0.25,0.75,1.0,1.0,0.75,0.25,0.0
81,0.5,1.0,0.5,0.0,1.0,0.5,0.0,0.5,0.25,0.0,0.5,0.25,0.25,0.0,0.75,1.0,0.0,0.25,0.25,0.0,0.75,1.0,0.5,0.0,1.0,1.0,0.25,0.5,0.0,0.25,0.25,0.75,1.0,0.0,0.0,0.0,0.25,0.75,0.5,0.25,0.5,0.75,1.0,0.0,0.5,0.25,0.5,1.0,0.0,0.5,1.0,0.25,0.75,0.25,0.0,0.25,0.25,0.25,0.25,0.0,1.0,0.5,0.75,0.5,0.5,0.75,0.0,0.75,0.0,0.5,0.0,1.0,0.75,1.0,0.5,0.75,0.5,1.0,0.5,0.75,0.75,0.5,0.75,0.75,0.5,1.0,0.75,0.75,0.75,0.75,0.5,1.0,1.0,0.0,0.75,0.75,0.0,1.0,0.25,0.25
82,1.0,0.75,0.25,0.5,0.5,0.0,1.0,1.0,0.25,0.75,1.0,0.25,0.25,1.0,0.25,0.0,0.0,1.0,0.75,0.0,0.0,1.0,0.5,0.25,0.0,0.5,0.75,0.5,1.0,0.75,0.75,0.5,1.0,0.0,0.5,0.0,0.5,0.0,0.5,0.75,0.25,0.75,0.0,1.0,0.75,0.25,0.0,0.75,0.5,1.0,0.0,0.75,0.0,0.5,0.25,0.75,0.0,0.0,0.0,0.25,0.0,1.0,1.0,0.0,1.0,0.75,1.0,0.0,0.5,0.75,0.25,0.0,0.25,0.5,0.25,0.0,0.0,0.5,0.0,0.5,0.5,0.0,1.0,0.5,0.0,1.0,0.5,1.0,0.75,0.75,1.0,0.5,0.0,0.25,0.0,0.25,0.25,0.5,1.0,0.0
83,1.0,0.75,0.5,0.5,0.75,0.0,0.75,0.0,0.25,0.5,0.0,1.0,1.0,0.5,0.75,0.75,0.0,0.75,0.5,0.0,0.25,0.75,0.75,0.0,1.0,0.75,0.5,0.75,0.25,0.75,1.0,0.75,0.0,0.75,1.0,0.0,0.5,0.0,0.25,0.0,0.5,0.75,0.0,0.0,0.0,0.0,0.5,1.0,1.0,0.0,0.5,0.5,0.0,0.25,0.0,0.25,0.0,0.25,0.25,0.0,0.25,0.75,1.0,0.5,0.25,0.25,0.5,0.25,0.5,0.0,0.75,0.75,1.0,0.25,1.0,0.0,0.75,0.0,0.0,0.25,0.0,0.75,1.0,0.75,0.25,0.75,0.5,1.0,0.5,0.5,0.25,0.0,0.5,0.75,0.0,0.75,0.75,0.0,0.0,0.75
84,0.25,1.0,1.0,0.25,0.0,0.75,1.0,0.75,0.25,0.75,0.25,0.0,0.25,0.25,1.0,0.75,1.0,0.5,0.25,0.5,1.0,0.75,1.0,0.75,0.75,0.0,0.25,1.0,0.75,1.0,1.0,0.75,0.5,0.25,0.25,0.0,0.0,0.0,0.25,0.5,0.25,0.25,0.25,0.25,0.5,0.0,1.0,0.0,0.0,1.0,0.25,0.5,0.5,0.0,1.0,0.75,0.25,0.0,0.5,1.0,1.0,0.0,0.75,0.5,0.0,0.75,1.0,0.25,0.5,0.5,0.75,0.0,1.0,0.75,0.25,0.25,0.25,0.75,1.0,0.5,0.0,0.5,1.0,0.5,0.75,0.25,1.0,1.0,0.5,0.75,0.5,0.5,1.0,0.5,0.25,0.5,0.25,1.0,0.75,0.25
85,0.75,0.75,0.25,1.0,0.0,0.75,0.75,1.0,1.0,0.5,1.0,0.75,0.25,0.0,0.5,0.25,0.0,0.0,0.0,0.25,0.5,0.5,0.0,0.25,0.0,1.0,0.5,0.75,0.0,1.0,0.5,0.25,0.5,0.25,0.25,0.0,0.0,0.5,1.0,0.5,0.75,0.25,0.25,0.0,1.0,0.0,0.75,0.5,0.5,1.0,0.0,0.0,0.75,0.5,0.0,1.0,0.5,0.75,1.0,0.25,0.75,1.0,0.0,0.25,0.75,0.0,0.25,0.5,0.0,1.0,0.75,0.25,0.0,0.5,0.75,0.75,0.0,0.5,0.25,0.0,0.25,0.75,0.25,0.5,1.0,0.5,0.25,0.0,0.75,1.0,0.0,0.0,0.5,0.25,0.5,0.25,0.5,0.0,0.75,0.25
86,1.0,1.0,0.0,0.5,0.5,0.0,1.0,1.0,0.5,0.25,0.75,0.25,1.0,0.25,0.75,0.25,0.25,0.25,0.25,0.0,1.0,0.75,1.0,0.0,0.0,0.0,0.0,0.25,1.0,0.5,0.75,0.0,1.0,0.0,0.0,0.0,0.0,0.0,0.75,1.0,0.0,0.0,0.0,0.0,0.25,0.25,0.5,0.0,0.5,0.75,0.5,1.0,0.25,0.25,0.0,0.0,0.75,0.75,1.0,0.0,0.0,0.75,0.75,0.75,0.25,0.5,0.5,0.0,0.25,0.75,0.0,0.25,1.0,0.25,0.0,0.5,0.75,1.0,0.25,0.0,0.0,0.75,0.0,0.0,0.75,1.0,0.5,0.5,0.25,1.0,0.25,0.5,0.75,0.0,0.5,1.0,0.5,1.0,1.0,1.0
87,0.25,0.75,0.5,0.75,0.0,0.5,0.75,0.75,0.0,1.0,0.5,0.5,0.0,1.0,0.5,0.5,0.5,1.0,0.0,0.5,0.75,1.0,0.25,0.0,0.75,0.5,0.25,0.0,1.0,0.25,0.25,0.75,0.0,0.75,0.75,0.5,1.0,0.25,0.0,1.0,1.0,0.0,1.0,0.5,1.0,0.5,0.25,0.25,0.75,0.5,0.25,1.0,0.0,0.0,0.5,0.75,1.0,0.5,0.0,0.5,1.0,0.25,1.0,0.25,0.25,0.25,0.5,0.0,0.5,0.0,1.0,0.75,1.0,0.5,0.5,0.0,0.5,0.25,0.5,0.0,0.0,0.25,0.0,0.75,1.0,0.5,0.75,0.5,0.75,0.5,0.25,0.0,0.0,0.25,0.75,1.0,0.75,0.0,1.0,0.5
88,1.0,0.75,0.25,0.5,0.75,0.5,1.0,0.0,0.75,0.25,1.0,0.75,0.25,0.75,1.0,0.75,0.5,1.0,0.75,0.0,0.75,0.5,0.25,0.25,0.25,0.0,0.5,1.0,0.25,0.5,0.75,0.0,0.5,0.5,1.0,0.5,1.0,0.0,0.0,0.75,1.0,1.0,0.25,0.25,0.75,0.0,0.25,0.5,0.0,0.5,1.0,0.0,0.75,1.0,1.0,0.5,1.0,0.25,0.0,0.25,0.5,0.5,0.0,1.0,0.75,0.5,0.0,0.75,1.0,0.5,0.0,0.0,0.0,0.5,0.75,0.0,1.0,0.0,0.75,0.5,0.0,0.0,1.0,1.0,0.0,0.0,1.0,0.75,0.25,0.25,0.0,1.0,0.5,0.5,0.25,0.75,0.25,0.0,0.75,0.5
89,1.0,1.0,0.0,0.25,0.0,1.0,0.5,1.0,0.75,1.0,1.0,0.75,0.25,1.0,0.0,1.0,0.0,0.75,1.0,0.75,0.75,0.25,1.0,0.0,0.0,1.0,0.25,0.25,0.25,0.0,0.75,0.25,0.0,0.0,0.75,1.0,1.0,0.25,0.25,0.75,0.25,0.75,0.0,0.25,0.0,0.5,0.75,0.5,0.25,0.0,0.25,0.5,0.25,1.0,0.5,0.25,0.0,0.25,0.0,1.0,0.25,1.0,0.5,0.0,0.5,0.0,1.0,0.75,0.25,1.0,0.0,0.0,0.0,0.0,0.25,0.5,0.75,0.25,0.0,0.25,1.0,0.0,0.75,0.0,0.75,0.75,0.5,0.5,0.25,0.25,0.75,0.0,1.0,1.0,0.0,0.0,0.5,1.0,0.75,0.25
90,0.5,1.0,0.0,1.0,0.75,0.5,0.0,0.75,0.25,0.5,0.75,0.75,0.0,0.25,0.75,0.5,0.75,1.0,0.5,0.5,0.75,0.0,0.5,1.0,0.0,0.0,0.0,0.5,0.0,0.75,0.0,1.0,0.25,1.0,0.5,0.0,0.0,0.75,0.0,1.0,0.5,0.25,0.0,0.25,0.0,0.5,1.0,0.5,0.25,0.0,0.25,1.0,0.5,0.25,0.25,1.0,0.0,0.25,1.0,0.0,0.0,0.5,1.0,0.0,0.5,0.75,1.0,0.75,0.0,1.0,0.5,0.0,1.0,1.0,0.75,0.0,0.5,0.5,0.0,0.0,0.25,0.75,0.0,0.0,0.25,0.25,1.0,0.5,0.75,1.0,0.0,0.25,0.5,1.0,0.5,0.25,1.0,1.0,0.5,0.25
91,0.0,1.0,0.0,0.25,1.0,1.0,0.0,0.75,0.0,0.0,0.75,0.25,0.25,1.0,0.5,0.5,1.0,0.5,0.0,0.0,0.75,0.75,1.0,1.0,1.0,0.0,0.5,1.0,1.0,0.0,0.0,0.0,0.5,1.0,0.25,0.25,1.0,1.0,1.0,1.0,0.5,0.25,0.75,0.25,0.25,0.0,1.0,1.0,1.0,0.0,0.5,0.5,0.75,0.5,0.5,1.0,0.25,0.5,0.5,0.0,0.75,0.0,1.0,0.25,0.75,0.0,0.5,0.5,0.75,0.5,0.0,0.0,0.5,0.5,1.0,0.25,0.75,0.0,0.75,1.0,0.0,1.0,1.0,0.5,0.75,0.75,0.5,0.75,0.5,0.0,1.0,1.0,0.75,0.25,1.0,0.5,0.25,0.25,1.0,1.0
92,1.0,0.5,0.25,0.75,0.5,0.0,1.0,0.25,0.5,0.0,0.5,0.5,0.75,0.75,0.5,0.0,0.25,0.25,1.0,1.0,0.25,0.5,0.5,0.75,0.75,1.0,0.25,0.5,0.25,0.0,0.25,0.0,0.75,0.75,1.0,0.25,0.25,0.0,0.75,0.0,0.75,0.0,0.75,0.0,0.75,0.0,0.25,1.0,0.0,1.0,0.25,0.25,0.75,1.0,0.5,0.75,1.0,0.0,0.0,0.25,0.5,0.0,1.0,1.0,0.0,1.0,1.0,0.25,0.5,0.25,0.5,1.0,0.5,1.0,1.0,0.25,0.25,0.75,0.0,0.75,0.75,0.5,1.0,1.0,1.0,0.0,0.5,0.5,1.0,0.75,0.0,0.75,0.25,0.5,0.5,0.75,0.0,0.5,0.75,0.0
93,0.75,0.0,1.0,0.0,0.25,1.0,0.75,1.0,1.0,0.75,0.75,0.25,0.75,0.5,0.5,0.25,0.0,0.0,0.5,0.75,0.25,0.0,0.0,1.0,0.5,0.75,0.25,0.0,1.0,0.5,0.5,0.25,0.0,0.25,0.25,1.0,0.5,0.75,0.5,0.5,1.0,0.75,0.0,0.75,0.0,0.75,0.25,0.75,1.0,0.0,0.5,1.0,0.0,0.0,0.5,0.25,1.0,0.5,0.5,0.25,1.0,0.5,0.25,1.0,0.75,0.0,0.25,0.0,0.75,0.5,0.5,1.0,0.25,0.25,1.0,0.0,0.5,0.5,0.25,0.25,1.0,0.75,0.0,0.75,0.75,0.25,0.25,0.25,0.75,0.0,0.25,0.5,0.0,0.5,0.0,0.25,1.0,0.25,0.75,0.75
94,0.0,0.75,0.25,0.5,0.25,0.0,0.75,0.5,1.0,0.5,0.5,0.25,1.0,0.0,0.0,0.5,0.5,0.75,1.0,0.5,0.75,1.0,0.0,0.75,1.0,0.75,0.5,0.25,0.0,0.5,0.5,1.0,0.75,0.0,0.5,1.0,0.0,0.75,0.5,0.5,0.5,0.0,0.0,0.0,0.0,1.0,0.25,1.0,0.5,1.0,0.75,0.0,0.75,0.75,0.5,0.0,0.75,0.5,0.0,0.25,0.5,1.0,0.0,0.75,0.75,1.0,1.0,0.75,0.0,0.5,1.0,1.0,1.0,0.25,0.0,0.0,0.0,0.0,0.0,0.75,1.0,0.75,0.25,0.5,1.0,0.25,0.75,0.5,0.25,0.5,0.25,0.75,0.5,0.25,0.75,1.0,0.75,0.75,1.0,0.75
95,1.0,1.0,1.0,0.25,0.5,0.25,1.0,0.5,0.5,1.0,0.5,0.5,0.25,0.5,1.0,0.0,0.0,0.0,1.0,0.0,0.25,1.0,1.0,1.0,0.5,0.5,0.5,0.75,0.25,1.0,1.0,0.5,1.0,1.0,0.0,1.0,0.75,0.5,0.25,0.25,0.0,0.25,0.25,0.5,0.5,0.75,0.0,0.25,0.75,0.0,0.25,0.25,0.5,1.0,0.0,0.25,0.0,0.75,0.75,1.0,0.25,0.5,0.25,0.0,0.75,0.0,1.0,0.75,0.5,0.75,0.25,0.25,0.75,1.0,0.25,0.25,0.5,0.75,0.25,1.0,0.0,0.75,0.5,0.25,1.0,0.75,1.0,1.0,0.5,0.75,0.25,0.5,0.25,0.0,1.0,0.0,1.0,0.5,0.25,0.25
96,0.5,0.75,0.0,0.0,0.25,0.25,0.25,0.5,0.75,0.0,1.0,0.5,0.0,0.75,0.5,0.0,0.5,0.0,0.0,0.75,1.0,0.75,0.0,0.5,0.75,1.0,0.0,0.75,0.75,0.75,0.75,0.5,1.0,1.0,0.0,0.25,0.5,0.0,0.0,0.75,0.25,0.25,0.5,0.25,0.0,0.25,0.25,1.0,0.0,0.25,0.25,0.75,0.25,0.25,1.0,0.0,0.5,0.0,0.75,0.0,0.25,0.75,0.0,0.75,0.5,0.0,0.25,0.75,1.0,0.75,1.0,0.25,0.5,1.0,0.5,0.75,0.25,1.0,0.75,0.0,0.75,0.5,0.25,0.25,0.75,0.0,0.5,0.75,0.75,0.25,0.5,0.0,0.25,0.75,0.25,0.25,1.0,0.25,0.25,0.5
97,0.25,0.0,0.75,0.5,0.25,0.0,0.75,0.5,0.0,0.25,1.0,1.0,0.5,0.0,0.75,0.0,1.0,0.5,0.25,0.0,1.0,0.75,0.5,0.25,0.0,0.75,0.25,1.0,1.0,0.75,1.0,0.5,0.75,1.0,0.0,1.0,0.5,0.25,0.25,1.0,0.25,1.0,0.5,0.25,0.0,1.0,0.25,0.5,0.5,0.0,0.5,0.5,0.25,1.0,0.75,0.5,0.5,0.75,0.5,0.25,0.25,0.75,0.5,0.5,1.0,0.5,0.25,0.0,0.0,0.0,0.0,0.5,0.5,1.0,0.5,0.0,0.75,0.75,0.25,0.25,0.5,0.75,0.0,0.0,0.0,0.5,0.5,1.0,0.0,0.0,0.5,0.5,1.0,1.0,0.25,0.75,0.0,0.0,1.0,1.0
98,0.25,0.75,0.25,0.75,0.0,0.25,1.0,0.25,0.25,0.0,1.0,1.0,0.5,0.5,0.5,0.0,0.25,1.0,1.0,0.25,1.0,0.25,0.0,0.0,0.0,0.25,0.25,0.75,1.0,1.0,0.75,0.75,0.0,0.75,0.25,0.5,0.25,0.75,1.0,0.25,1.0,0.25,1.0,0.25,1.0,0.5,0.0,0.25,0.5,0.0,0.25,0.5,0.5,0.5,0.75,1.0,0.0,1.0,1.0,1.0,0.5,1.0,0.75,0.25,0.5,0.0,0.25,0.25,0.25,1.0,1.0,0.5,1.0,1.0,1.0,0.5,0.5,0.75,0.75,0.75,0.75,0.25,0.25,0.75,0.75,0.0,0.25,0.0,0.0,1.0,0.5,0.25,0.75,0.75,0.5,0.25,0.75,0.75,1.0,0.0
99,0.75,0.25,0.5,1.0,0.25,1.0,0.0,0.75,0.25,0.5,0.0,0.0,1.0,0.0,0.25,1.0,0.0,0.5,0.25,0.5,0.5,1.0,0.75,1.0,0.25,0.25,1.0,0.75,1.0,0.25,0.75,0.25,0.75,0.75,1.0,1.0,1.0,0.75,0.75,0.25,0.5,1.0,0.25,0.25,0.0,1.0,0.25,0.0,1.0,0.75,0.0,0.75,0.5,0.5,0.5,0.5,0.25,0.5,0.25,0.25,1.0,0.25,0.25,0.5,0.25,0.75,0.5,0.0,0.5,0.25,0.75,0.5,0.75,0.0,0.0,1.0,1.0,0.5,1.0,0.75,1.0,0.75,1.0,1.0,1.0,0.25,0.25,1.0,0.75,0.5,0.0,0.25,1.0,0.0,0.25,0.5,0.75,1.0,0.5,0.25
100,1.0,0.0,0.75,0.25,0.75,1.0,0.5,0.75,0.0,0.25,0.0,0.75,0.5,0.5,0.0,1.0,1.0,0.5,0.0,0.0,0.0,0.75,1.0,1.0,0.75,0.25,0.75,0.0,0.75,0.0,0.5,0.0,1.0,0.75,0.0,0.25,0.5,0.25,0.25,0.25,0.5,0.5,0.5,0.5,0.25,1.0,1.0,0.5,0.75,0.0,0.75,0.75,0.75,1.0,0.0,0.75,0.5,1.0,0.5,0.5,0.75,0.5,0.0,0.5,0.75,0.5,1.0,1.0,1.0,0.25,1.0,1.0,0.25,1.0,0.75,1.0,1.0,0.25,0.75,0.5,0.0,0.75,0.5,0.75,0.5,0.5,0.75,0.25,0.75,0.75,0.5,0.0,0.5,1.0,0.75,0.75,0.25,0.5,0.25,0.75
